,n_samples,MAE,RMSE,R2,time_learning,time_predicting,memory,n_nodes,n_branches,n_leaves,n_active_leaves,n_inactive_leaves,height,total_observed_weight
0,999,19.87467613477872,38.00657329860363,-0.017936755047596176,0.4986271858215332,0.05487847328186035,0.6950464248657227,3,1,2,2,0,2,1000.0
1,1999,20.88562719988493,42.952222813423504,-0.008061171212781826,1.1287732124328613,0.10615682601928711,0.7544641494750977,3,1,2,2,0,2,2000.0
2,2999,20.104384569232636,39.64382539051783,-0.002799535132529174,1.6126954555511475,0.15741586685180664,1.4075746536254883,16,2,14,14,0,3,3000.0
3,3999,20.33213749278216,44.59214011894246,0.00306697451949145,2.0538203716278076,0.20871901512145996,2.5804948806762695,16,2,14,14,0,3,4000.0
4,4999,19.88561207962757,42.07576906639284,0.003754179523012935,2.508697032928467,0.3014841079711914,3.7063722610473633,16,2,14,14,0,3,5000.0
5,5999,19.51552304269684,40.61815307574654,0.0041790512342650965,3.086296558380127,0.3533213138580322,3.6309709548950195,19,3,16,16,0,3,6000.0
6,6999,19.464098173541196,39.52555070484074,0.0053507017567312465,3.655155897140503,0.40644264221191406,3.715336799621582,20,4,16,16,0,4,7000.0
7,7999,19.66388337671361,39.00550207283877,0.005627435380718748,4.355443954467773,0.5135817527770996,3.808079719543457,20,4,16,16,0,4,8000.0
8,8999,20.03666580941256,39.17855631611896,0.008571938955022729,5.0335304737091064,0.5764729976654053,3.8386354446411133,22,5,17,17,0,4,9000.0
9,9999,20.58831254601793,39.817332965099105,0.012635190226126136,5.617243051528931,0.6338818073272705,4.399991035461426,22,5,17,17,0,4,10000.0
10,10999,20.736933867436978,39.446366557744305,0.01992781205383143,6.2474024295806885,0.6908366680145264,4.338620185852051,26,7,19,19,0,5,11000.0
11,11999,20.879453953372042,39.08437516974242,0.026578320448032544,6.904834270477295,0.7518393993377686,4.306424140930176,27,8,19,19,0,6,12000.0
12,12999,21.38055551863775,40.26313856958363,0.035935284860130645,7.55418062210083,0.8077914714813232,4.4283952713012695,27,8,19,19,0,6,13000.0
13,13999,21.893650912743826,40.61566098386248,0.04961613666373976,8.27038836479187,0.8638989925384521,4.497235298156738,27,8,19,19,0,6,14000.0
14,14999,22.366524504214937,41.00998286971977,0.055582701020685854,8.930835008621216,0.9195406436920166,4.585789680480957,27,8,19,19,0,6,15000.0
15,15999,22.560703860453145,40.890542482696716,0.05970350057836982,9.600197076797485,0.975928544998169,4.6089677810668945,27,8,19,19,0,6,16000.0
16,16999,22.90171812120823,41.259911379375076,0.06611771226131857,10.034642219543457,1.083540678024292,5.558316230773926,28,9,19,19,0,7,17000.0
17,17999,23.231761875731827,41.24273321069029,0.06526484301958224,10.759100198745728,1.1392288208007812,5.085423469543457,28,9,19,19,0,7,18000.0
18,18999,23.292962631271955,40.94470036487552,0.06374080560085549,11.298519372940063,1.1964671611785889,5.025479316711426,31,11,20,20,0,8,19000.0
19,19999,23.430777744610157,40.816545000455534,0.05191593262022909,11.887485027313232,1.253525972366333,5.641240119934082,31,11,20,20,0,8,20000.0
20,20999,23.40847814950948,40.70318198378756,0.040499120305651615,12.661580324172974,1.3099949359893799,4.665631294250488,33,12,21,21,0,8,21000.0
21,21999,23.277916101534444,40.30699909636474,0.03504279482251127,13.203397750854492,1.4200456142425537,5.1988115310668945,33,12,21,21,0,8,22000.0
22,22999,23.104531449917797,40.07684563949635,0.03275193544662047,13.696902990341187,1.4775044918060303,5.605618476867676,35,13,22,22,0,9,23000.0
23,23999,22.883063278091583,39.60550888326412,0.0317405889034893,14.318174362182617,1.535954236984253,5.676541328430176,35,13,22,22,0,9,24000.0
24,24999,22.668046551291017,39.21314221806156,0.029882506882076276,14.816542148590088,1.594287633895874,6.746197700500488,35,13,22,22,0,9,25000.0
25,25999,22.515391826458785,38.94049300791695,0.026644779039666,15.586402893066406,1.6525769233703613,5.6689348220825195,36,14,22,22,0,10,26000.0
26,26999,22.3976507785829,38.64227215431018,0.023574843181185967,16.28690457344055,1.71217942237854,5.633633613586426,36,14,22,22,0,10,27000.0
27,27999,22.255285244356106,38.36181135939044,0.02249608318361873,16.828542232513428,1.7703683376312256,6.173352241516113,36,14,22,22,0,10,28000.0
28,28999,22.126541437926264,38.23778858432603,0.02142008789236971,17.47377634048462,1.8304803371429443,6.137059211730957,37,15,22,22,0,11,29000.0
29,29999,22.000627834302573,37.93734599710161,0.022193799650218282,17.97499704360962,1.8886497020721436,6.7352800369262695,39,16,23,23,0,11,30000.0
30,30999,21.905931220350297,38.03292327969831,0.02369233851212027,18.811340808868408,1.9481456279754639,5.757847785949707,39,16,23,23,0,11,31000.0
31,31999,21.799584099892364,37.774046063978204,0.023619706038240817,19.38685655593872,2.011134624481201,6.217709541320801,40,17,23,23,0,12,32000.0
32,32999,21.7459777483536,37.64739829871916,0.023525296100258886,20.118272304534912,2.0715863704681396,5.762692451477051,40,17,23,23,0,12,33000.0
33,33999,21.683902727996955,37.47267422154832,0.023419829804883774,20.6672146320343,2.131333589553833,6.296574592590332,40,17,23,23,0,12,34000.0
34,34999,21.634989040170105,37.34193205777538,0.023270743650723902,21.41733479499817,2.1915817260742188,5.720738410949707,41,18,23,23,0,13,35000.0
35,35999,21.630124452807678,37.21434470861422,0.023048285561051762,22.14894723892212,2.2521800994873047,5.298069953918457,41,18,23,23,0,13,36000.0
36,36999,21.585147744171913,37.047712444323146,0.023145309485196996,22.598755598068237,2.3120715618133545,6.3717851638793945,41,18,23,23,0,13,37000.0
37,37999,21.555904187732896,36.86081479781561,0.022707182880162824,23.28268837928772,2.430354118347168,5.777279853820801,42,19,23,23,0,14,38000.0
38,38999,21.5011550591125,36.68793143450739,0.022601807259707063,23.913475513458252,2.4915292263031006,5.829228401184082,42,19,23,23,0,14,39000.0
39,39999,21.423999152801457,36.493377190265996,0.022868598821548458,24.48699188232422,2.564225912094116,6.364834785461426,42,19,23,23,0,14,40000.0
40,40999,21.329359173173746,36.36381034956911,0.022085223818040678,25.24411916732788,2.632254123687744,6.466992378234863,45,20,25,25,0,14,41000.0
41,41999,21.20474101043111,36.13422882308678,0.020747379907598118,25.903398990631104,2.6940088272094727,6.569684028625488,45,20,25,25,0,14,42000.0
42,42999,21.062943746437355,35.90826465918883,0.02105751671455658,26.64955711364746,2.7540442943573,6.055508613586426,48,21,27,27,0,14,43000.0
43,43999,20.907893089138057,35.65607758988105,0.021406165043201586,27.2834894657135,2.8126943111419678,6.164608955383301,48,21,27,27,0,14,44000.0
44,44999,20.77825604480003,35.44711551814915,0.022148188487258302,27.984198570251465,2.8732688426971436,6.155407905578613,48,21,27,27,0,14,45000.0
45,45999,20.635231145868417,35.19765310909597,0.022447803342792394,28.632367372512817,2.9316186904907227,6.109936714172363,48,21,27,27,0,14,46000.0
46,46999,20.512805052275077,34.9875072774824,0.022125155299064336,29.26855230331421,2.99145245552063,6.126255989074707,48,21,27,27,0,14,47000.0
47,47999,20.40969066260522,34.87239532879932,0.021690473982900027,29.860654592514038,3.051290273666382,6.750103950500488,48,21,27,27,0,14,48000.0
48,48999,20.344388662114454,34.85651497248627,0.02126240072230645,30.415083169937134,3.111300230026245,6.442753791809082,51,23,28,28,0,14,49000.0
49,49999,20.25923053705972,34.80996333651808,0.021522111761940077,30.96734094619751,3.171138048171997,7.0091447830200195,52,24,28,28,0,14,50000.0
50,50999,20.197412709995827,34.73079477311281,0.023308264583628446,31.611330032348633,3.2311267852783203,7.0781450271606445,52,24,28,28,0,14,51000.0
51,51999,20.15652374099384,34.620848180592155,0.02451047401456985,32.34590792655945,3.2907421588897705,6.614758491516113,52,24,28,28,0,14,52000.0
52,52999,20.09056948252507,34.493501226807076,0.025025801185081686,32.94788146018982,3.3503966331481934,7.167477607727051,52,24,28,28,0,14,53000.0
53,53999,20.063259924355613,34.45187287198042,0.0249221944543474,33.49723291397095,3.4109935760498047,7.696141242980957,52,24,28,28,0,14,54000.0
54,54999,20.04109265090725,34.38759301965415,0.02579985876545343,34.25349140167236,3.4732935428619385,7.1588029861450195,52,24,28,28,0,14,55000.0
55,55999,20.037895519451144,34.34602406711384,0.0266220841513658,34.70860195159912,3.594766616821289,8.196110725402832,52,24,28,28,0,14,56000.0
56,56999,20.031683434873464,34.29418522259322,0.02694127207683772,35.304826974868774,3.6550087928771973,8.315629005432129,98,25,73,73,0,14,57000.0
57,57999,20.035640375213713,34.251818677684334,0.026912387873230803,35.90969514846802,3.7148854732513428,8.318215370178223,99,26,73,73,0,14,58000.0
58,58999,20.030485500106025,34.17641766454959,0.02737597381038026,36.460349798202515,3.775960683822632,9.066147804260254,115,27,88,88,0,14,59000.0
59,59999,20.04234355361257,34.12656229759703,0.027229999145064077,36.8536581993103,3.83756160736084,10.25063419342041,119,28,91,91,0,14,60000.0
60,60999,20.064358528707196,34.24457308464049,0.02705262197247016,37.26554822921753,3.897773027420044,11.921128273010254,120,28,92,92,0,14,61000.0
61,61999,20.00570070766739,34.13809415993173,0.026646907590255675,37.74138784408569,3.9572927951812744,12.603264808654785,124,29,95,95,0,14,62000.0
62,62999,19.93892733869654,34.06587064581439,0.02568029994053056,38.368579626083374,4.016183137893677,12.701165199279785,124,29,95,95,0,14,63000.0
63,63999,19.869877723165672,34.007926474045846,0.025393662707408948,39.06666541099548,4.076035261154175,12.940499305725098,124,29,95,95,0,14,64000.0
64,64999,19.801000410883706,33.8782374833241,0.024504833205378218,39.60224890708923,4.134923934936523,13.608124732971191,124,29,95,95,0,14,65000.0
65,65999,19.77434120660701,33.8663813889758,0.023891828666634973,40.28158211708069,4.2037293910980225,13.740548133850098,124,29,95,95,0,14,66000.0
66,66999,19.76306916659486,33.91885173237171,0.022985977350156506,40.97218680381775,4.354438543319702,13.847527503967285,124,29,95,95,0,14,67000.0
67,67999,19.751370036413565,33.88469289735479,0.02184336009174137,41.44394135475159,4.415106773376465,14.115311622619629,127,31,96,96,0,14,68000.0
68,68999,19.811670121976327,33.97716955263384,0.021205426903952995,42.3969464302063,4.476777791976929,12.339295387268066,130,33,97,97,0,14,69000.0
69,69999,19.88525369582151,34.324418038830274,0.020588779732161888,42.908064126968384,4.53825831413269,12.815781593322754,132,34,98,98,0,14,70000.0
70,70999,19.967869013558794,34.498119246813374,0.025314959418006655,43.52247476577759,4.600964069366455,12.770302772521973,134,35,99,99,0,14,71000.0
71,71999,20.072448926420726,34.67492073158882,0.029660449709150605,44.15929913520813,4.66491961479187,13.46712589263916,134,35,99,99,0,14,72000.0
72,72999,20.164964807625402,35.05478174419849,0.02985279568004151,44.77546215057373,4.726707696914673,13.468316078186035,138,36,102,102,0,14,73000.0
73,73999,20.24791689881824,35.27969058108399,0.035437376311060254,45.34410810470581,4.788604021072388,14.02358341217041,138,36,102,102,0,14,74000.0
74,74999,20.345574423182,35.41587976386209,0.037009535645824654,46.00972533226013,4.85044264793396,13.925950050354004,143,38,105,105,0,14,75000.0
75,75999,20.455318163265705,35.54938307583417,0.03855715787577352,46.77931070327759,4.9129369258880615,13.491814613342285,143,38,105,105,0,14,76000.0
76,76999,20.612722727764137,36.02834217823534,0.03768405635699357,47.62516236305237,4.97564959526062,13.030762672424316,143,38,105,105,0,14,77000.0
77,77999,20.765051995735732,36.227283569400086,0.038629175679986805,48.1499502658844,5.03802752494812,13.457154273986816,144,39,105,105,0,15,78000.0
78,78999,20.893432513361255,36.377245730322336,0.03932567039139112,48.90194487571716,5.102166652679443,13.019387245178223,144,39,105,105,0,15,79000.0
79,79999,21.037183922872448,36.51421595144071,0.03917225503622823,49.545963287353516,5.1662821769714355,13.59060001373291,144,39,105,105,0,15,80000.0
80,80999,21.136909776021167,36.581500065703345,0.039589521320951615,50.20400261878967,5.229197263717651,13.606423377990723,144,39,105,105,0,15,81000.0
81,81999,21.144124275528327,36.5755581368295,0.038579270762435836,50.45033144950867,5.2895495891571045,15.288849830627441,156,41,115,115,0,15,82000.0
82,82999,21.117938897796364,36.56443142843441,0.03797452516742106,50.934967041015625,5.349632501602173,16.537056922912598,170,42,128,128,0,15,83000.0
83,83999,21.063625581337284,36.45002798294249,0.03820658464654436,51.18220353126526,5.409916400909424,18.801323890686035,170,42,128,128,0,15,84000.0
84,84999,21.027405948361334,36.36627674401115,0.03827400666763825,51.879586696624756,5.469801902770996,18.40097141265869,172,43,129,129,0,15,85000.0
85,85999,21.033073310008426,36.40590641420691,0.03835311955579779,52.14507269859314,5.638735771179199,19.948227882385254,176,45,131,131,0,15,86000.0
86,86999,21.013399107304316,36.3525010514839,0.038071303629662934,52.558499813079834,5.700029134750366,20.524819374084473,183,48,135,135,0,15,87000.0
87,87999,21.053587995049472,36.406444845233466,0.038468931256072314,53.00780916213989,5.7616071701049805,21.784539222717285,183,48,135,135,0,15,88000.0
88,88999,21.086830640412614,36.46074235018013,0.03878666730716518,53.73590397834778,5.823206901550293,21.860100746154785,186,49,137,137,0,15,89000.0
89,89999,21.137672557704583,36.507790366063745,0.03939240532546895,54.099461793899536,5.884244441986084,23.508728981018066,186,49,137,137,0,15,90000.0
90,90999,21.19601535911991,36.58011895139918,0.039716467049345616,54.71756076812744,5.9472739696502686,23.508164405822754,188,50,138,138,0,15,91000.0
91,91999,21.26727008067721,36.684989326418446,0.04148265691117847,55.511752128601074,6.010521411895752,23.587265968322754,188,50,138,138,0,15,92000.0
92,92999,21.367161134435037,36.898736535738664,0.0434026044546828,55.91827893257141,6.072131872177124,24.766419410705566,190,51,139,139,0,15,93000.0
93,93999,21.451007769283436,37.02058055035162,0.044408805987802835,56.572383403778076,6.137537002563477,25.315674781799316,190,51,139,139,0,15,94000.0
94,94999,21.523068559375638,37.095103891012975,0.04530981281202273,57.4734890460968,6.337686538696289,23.672402381896973,193,53,140,140,0,15,95000.0
95,95999,21.62289860922065,37.239554086182785,0.04723910844277146,58.320168018341064,6.400548458099365,22.88356876373291,193,53,140,140,0,15,96000.0
96,96999,21.734687366495685,37.384773807609314,0.04858787919749852,58.795100927352905,6.463016986846924,23.983025550842285,193,53,140,140,0,15,97000.0
97,97999,21.861529363291368,37.68955666963863,0.04938148641717177,59.421478033065796,6.525890350341797,24.01168155670166,195,54,141,141,0,15,98000.0
98,98999,21.972786298820047,37.83923218818999,0.050542716362896645,60.08755016326904,6.589800119400024,24.42733860015869,197,55,142,142,0,15,99000.0
99,99999,22.096371795045226,38.00900330665247,0.051979582148341974,60.65962052345276,6.65572190284729,25.06527805328369,197,55,142,142,0,15,100000.0
100,100999,22.196559842782616,38.10422867799697,0.05243368366787937,61.29967403411865,6.720547199249268,25.277222633361816,199,56,143,143,0,15,101000.0
101,101999,22.25389178985716,38.135294987493026,0.051840920030662097,62.108392000198364,6.783297777175903,25.454880714416504,205,56,149,149,0,15,102000.0
102,102999,22.237823568402614,38.081408380681445,0.0510369148745643,62.62131905555725,6.844237565994263,26.05165958404541,207,57,150,150,0,15,103000.0
103,103999,22.226153049358555,38.08505865878803,0.05029942602496862,63.07719278335571,6.9050068855285645,27.210068702697754,207,57,150,150,0,15,104000.0
104,104999,22.193695290477525,38.05236760451859,0.04978280864668805,63.64842438697815,6.966633081436157,27.28225803375244,211,59,152,152,0,15,105000.0
105,105999,22.158307856183416,37.98839606512561,0.04973784460362474,64.32798027992249,7.186074256896973,27.316475868225098,213,60,153,153,0,15,106000.0
106,106999,22.116389141908726,37.91359258570404,0.04945571521266867,64.84779262542725,7.2477850914001465,27.88807773590088,215,61,154,154,0,15,107000.0
107,107999,22.07153624268736,37.81498688480241,0.04920703933198667,65.32562804222107,7.309176445007324,28.964356422424316,215,61,154,154,0,15,108000.0
108,108999,22.04681805948724,37.89931155174141,0.048389949906586405,65.84885048866272,7.371538162231445,29.45211887359619,216,62,154,154,0,15,109000.0
109,109999,22.007765948160646,37.82993404928143,0.04833674275152455,66.59221363067627,7.435024261474609,29.38631534576416,219,64,155,155,0,15,110000.0
110,110999,21.980177624854157,37.75789008197758,0.04817989450527882,67.06202793121338,7.4977123737335205,30.10464572906494,221,65,156,156,0,15,111000.0
111,111999,21.960748050190332,37.81662678903185,0.04806034682873894,67.74870014190674,7.561059474945068,30.180901527404785,221,65,156,156,0,15,112000.0
112,112999,21.936313360793157,37.74700554683714,0.047839578327729115,68.72939205169678,7.625207901000977,28.742966651916504,221,65,156,156,0,15,113000.0
113,113999,21.914393416399548,37.6948493272548,0.04769881524453212,69.30984306335449,7.689347267150879,29.291359901428223,221,65,156,156,0,15,114000.0
114,114999,21.904808280095335,37.65903330188715,0.04738741863452978,70.24182176589966,7.753725290298462,28.515374183654785,222,66,156,156,0,15,115000.0
115,115999,21.884018002998985,37.59529522496445,0.04733725270938027,70.87070560455322,7.817562818527222,28.48611545562744,223,67,156,156,0,15,116000.0
116,116999,21.86915799505955,37.52920162782693,0.04713901687196276,71.44404196739197,7.881200551986694,29.070626258850098,223,67,156,156,0,15,117000.0
117,117999,21.854147218339847,37.514437434255846,0.046930458228497174,72.02850103378296,7.94671630859375,29.623520851135254,223,67,156,156,0,15,118000.0
118,118999,21.824359655832613,37.45238285111478,0.046641511547515835,72.7996997833252,8.011782884597778,29.13344669342041,223,67,156,156,0,15,119000.0
119,119999,21.78606405877503,37.38801592145906,0.04645585557260801,73.23137950897217,8.239475965499878,30.780343055725098,229,67,162,162,0,15,120000.0
120,120999,21.741109462655203,37.303958123004776,0.046618467355611815,73.57907390594482,8.300484418869019,32.00727939605713,231,68,163,163,0,15,121000.0
121,121999,21.68316909111499,37.20651798083357,0.04676170100177113,74.19444751739502,8.362496137619019,32.08212375640869,233,69,164,164,0,15,122000.0
122,122999,21.633961673204084,37.133366224767364,0.04694315597768639,74.76254844665527,8.423787355422974,32.10654544830322,237,71,166,166,0,15,123000.0
123,123999,21.58995412790947,37.05401768279939,0.046871427065790616,75.64020657539368,8.485785961151123,31.868210792541504,239,72,167,167,0,15,124000.0
124,124999,21.549558759046604,37.04084982625421,0.04668718520057635,76.21412968635559,8.547251462936401,32.446160316467285,239,72,167,167,0,15,125000.0
125,125999,21.515317984862907,36.98275908323132,0.0463430149058488,76.64068865776062,8.608805656433105,33.40878391265869,240,73,167,167,0,15,126000.0
126,126999,21.483271918980954,36.920408802508184,0.046053260686273245,77.26440501213074,8.678951025009155,33.93093967437744,241,74,167,167,0,15,127000.0
127,127999,21.453319291614143,36.85456758298752,0.045805134886763965,78.01784992218018,8.743134021759033,34.53029727935791,241,74,167,167,0,15,128000.0
128,128999,21.428761634481898,36.79266737658331,0.045626749756999874,78.68155097961426,8.807792901992798,34.35646152496338,243,75,168,168,0,15,129000.0
129,129999,21.40749553064962,36.743471773646455,0.045380465408903725,79.26568078994751,8.87499713897705,34.93204593658447,297,76,221,221,0,15,130000.0
130,130999,21.381886339885586,36.69896384058475,0.04521877195721824,80.08135390281677,8.94279432296753,34.53733158111572,297,76,221,221,0,15,131000.0
131,131999,21.383834653075958,36.76362183066579,0.0448551371814887,80.53453636169434,9.009432077407837,35.530823707580566,298,77,221,221,0,15,132000.0
132,132999,21.381620393463056,36.74478061346659,0.04440743937133085,81.17717170715332,9.07555079460144,35.558030128479004,299,78,221,221,0,15,133000.0
133,133999,21.399655812548474,36.764552534533244,0.04419511168461909,82.36551403999329,9.142613410949707,34.22207736968994,299,78,221,221,0,15,134000.0
134,134999,21.434417572591443,36.79940628573552,0.04390907064513794,83.24764728546143,9.208892583847046,33.270142555236816,299,78,221,221,0,15,135000.0
135,135999,21.460426313361165,36.80488586749689,0.043880606667052624,83.79590797424316,9.272914409637451,33.8002405166626,304,79,225,225,0,15,136000.0
136,136999,21.487597192085385,36.82413572747616,0.04374778305182325,84.39232325553894,9.33882737159729,34.34034824371338,304,79,225,225,0,15,137000.0
137,137999,21.524537382212273,36.90676633456679,0.04361137409877214,85.32823419570923,9.412290096282959,33.23752689361572,306,80,226,226,0,15,138000.0
138,138999,21.537973617094476,36.89187923842692,0.043636947889323596,86.14832830429077,9.480043649673462,33.412034034729004,307,81,226,226,0,16,139000.0
139,139999,21.530943072509302,36.883422849283505,0.04305807604590883,86.60859441757202,9.540897130966187,34.59206485748291,307,81,226,226,0,16,140000.0
140,140999,21.51058552407223,36.818492934959885,0.04270878798294342,87.07979607582092,9.602541446685791,35.72865390777588,307,81,226,226,0,16,141000.0
141,141999,21.492182003963975,36.75940071165715,0.042534290854902346,87.55789160728455,9.664005994796753,36.81636142730713,307,81,226,226,0,16,142000.0
142,142999,21.465161056045382,36.68545414623577,0.04243431637894168,88.29543280601501,9.935496091842651,36.333909034729004,315,82,233,233,0,16,143000.0
143,143999,21.442399136134206,36.645157585954735,0.042203583832960856,89.14041829109192,9.998085260391235,35.22107791900635,316,83,233,233,0,16,144000.0
144,144999,21.410486186527276,36.57320608375276,0.04212113825843811,89.67185688018799,10.06144642829895,35.80307102203369,330,84,246,246,0,16,145000.0
145,145999,21.38080840706704,36.50987894035953,0.04210126706244277,89.94268774986267,10.127686500549316,38.135910987854004,331,84,247,247,0,16,146000.0
146,146999,21.354240609478673,36.45403750729163,0.04206660480910873,90.22389912605286,10.19101357460022,40.37654972076416,333,84,249,249,0,16,147000.0
147,147999,21.32240878281018,36.38354691628841,0.042151229642970134,91.1344702243805,10.25576138496399,40.52204990386963,333,84,249,249,0,16,148000.0
148,148999,21.29818522484644,36.34066260501624,0.042337009025741335,91.62370491027832,10.320264101028442,41.649888038635254,333,84,249,249,0,16,149000.0
149,149999,21.273512898584446,36.279951598881475,0.042442027151843975,92.35751366615295,10.386061191558838,41.379502296447754,341,85,256,256,0,16,150000.0
150,150999,21.255115965303307,36.24923057722007,0.04250557384375042,93.09488701820374,10.449091672897339,40.89993381500244,343,86,257,257,0,16,151000.0
151,151999,21.23113699448838,36.19920367943749,0.04276394811584938,93.48001956939697,10.513534545898438,42.502182960510254,343,86,257,257,0,16,152000.0
152,152999,21.208144073968043,36.154522460186065,0.042781927081465,94.61447429656982,10.579106330871582,41.586541175842285,343,86,257,257,0,16,153000.0
153,153999,21.19061622632817,36.10645861052686,0.04297894322085538,95.16996002197266,10.643600463867188,41.99149417877197,345,87,258,258,0,16,154000.0
154,154999,21.171433337952976,36.04739769876705,0.04310462863409592,95.8644347190857,10.70714020729065,42.047593116760254,345,87,258,258,0,16,155000.0
155,155999,21.14553071914245,35.980190244062165,0.04344793167966676,96.55778241157532,10.776281356811523,41.94227695465088,347,88,259,259,0,16,156000.0
156,156999,21.12124874692283,35.92365300116513,0.043801345018616655,97.56125140190125,10.842113494873047,40.452439308166504,347,88,259,259,0,16,157000.0
157,157999,21.10082989650784,35.88385042324229,0.043849005280935494,97.84608292579651,11.14698338508606,42.54176425933838,347,88,259,259,0,16,158000.0
158,158999,21.068224274192758,35.81869141392686,0.04398557174523543,98.32744693756104,11.212582111358643,43.62491703033447,347,88,259,259,0,16,159000.0
159,159999,21.051395393931962,35.75919899246812,0.043807408645223256,99.23573279380798,11.280946731567383,42.771294593811035,349,88,261,261,0,16,160000.0
160,160999,21.013714494957394,35.68631661964686,0.04390536500977116,99.78437638282776,11.352672576904297,43.27915287017822,351,89,262,262,0,16,161000.0
161,161999,20.968719081908592,35.61048364215776,0.04406178329517918,100.38103151321411,11.420626163482666,43.89779758453369,351,89,262,262,0,16,162000.0
162,162999,20.927545188666837,35.540430713723914,0.0441329699302222,100.87548637390137,11.486964225769043,45.001328468322754,351,89,262,262,0,16,163000.0
163,163999,20.89046328123,35.49153595031976,0.0442161202746737,101.94133162498474,11.556082010269165,43.99057865142822,367,91,276,276,0,16,164000.0
164,164999,20.843510859253662,35.410885120377124,0.04449968841023866,102.75593066215515,11.62497091293335,43.529709815979004,367,91,276,276,0,16,165000.0
165,165999,20.808475930167013,35.35082555336197,0.04475204149817458,103.31141209602356,11.692808389663696,43.98164463043213,368,92,276,276,0,16,166000.0
166,166999,20.78020767612878,35.285806268688354,0.04484311347501413,103.76215982437134,11.761631965637207,44.985466957092285,369,93,276,276,0,17,167000.0
167,167999,20.745665823413642,35.2366639355604,0.044910733631020716,104.46520161628723,11.83061957359314,45.070244789123535,369,93,276,276,0,17,168000.0
168,168999,20.71860565089123,35.18580573345537,0.04500295805751453,105.3361451625824,11.900765657424927,45.635483741760254,369,93,276,276,0,17,169000.0
169,169999,20.702094146956508,35.219904654850446,0.044817187084668864,106.20217728614807,11.969128608703613,44.623406410217285,371,94,277,277,0,17,170000.0
170,170999,20.691209181422376,35.21625482405124,0.04471073919775037,106.73979163169861,12.042301416397095,45.67825412750244,371,94,277,277,0,17,171000.0
171,171999,20.68421248100535,35.20769657295157,0.04458591123784894,107.19334697723389,12.114023685455322,46.63454532623291,372,95,277,277,0,18,172000.0
172,172999,20.682574718598627,35.21098079204256,0.04442600138065478,107.97754120826721,12.186807632446289,46.081536293029785,373,96,277,277,0,19,173000.0
173,173999,20.688951055251938,35.20177535803489,0.04432878101178939,108.79858255386353,12.258777618408203,45.65677738189697,373,96,277,277,0,19,174000.0
174,174999,20.700964662141736,35.20256899732101,0.04418997548589254,109.51214241981506,12.3312828540802,45.70132541656494,373,96,277,277,0,19,175000.0
175,175999,20.715008844453592,35.208745036577355,0.04409946314208235,110.24687480926514,12.402741193771362,46.68136692047119,378,97,281,281,0,19,176000.0
176,176999,20.72809879811946,35.21570124856273,0.043955567645331484,111.22911167144775,12.475186347961426,45.131218910217285,380,98,282,282,0,19,177000.0
177,177999,20.736267208276033,35.20172387330168,0.043809760134913445,111.67728352546692,12.545732498168945,46.07431888580322,381,99,282,282,0,20,178000.0
178,178999,20.72468861835413,35.15915206699293,0.04382519442428712,112.28435158729553,12.6171133518219,45.981186866760254,383,101,282,282,0,21,179000.0
179,179999,20.714287743100314,35.13497517182591,0.04349668848795907,112.62705540657043,12.688526153564453,47.662903785705566,388,102,286,286,0,21,180000.0
180,180999,20.685620444742252,35.07361441426285,0.043570932978467924,113.18647527694702,12.756879806518555,48.33841800689697,390,103,287,287,0,21,181000.0
181,181999,20.643836934865327,35.00076028241644,0.04388005703736475,114.05084156990051,12.82849931716919,48.389817237854004,396,106,290,290,0,21,182000.0
182,182999,20.605580451127288,34.93950239839813,0.044013712421346995,114.34581804275513,12.894360303878784,50.5790491104126,396,106,290,290,0,21,183000.0
183,183999,20.56949423081641,34.88689260333075,0.04423175088824027,115.25068354606628,12.960972785949707,49.65365695953369,396,106,290,290,0,21,184000.0
184,184999,20.529034765162727,34.81912540955434,0.04452945907518979,115.96741342544556,13.030872344970703,49.150147438049316,400,108,292,292,0,21,185000.0
185,185999,20.490032544489715,34.75143887443133,0.044887013460865655,116.58110666275024,13.097867012023926,49.131340980529785,404,110,294,294,0,21,186000.0
186,186999,20.447659632919706,34.68199036220895,0.04527136784101582,117.18990182876587,13.165374755859375,49.72791385650635,404,110,294,294,0,21,187000.0
187,187999,20.40666368245211,34.617465157072274,0.045579283019676065,118.08345913887024,13.235698699951172,50.317261695861816,404,110,294,294,0,21,188000.0
188,188999,20.370907275570747,34.56489504927069,0.045817421825475435,118.65151929855347,13.304898738861084,50.78394412994385,405,111,294,294,0,21,189000.0
189,189999,20.33164431226869,34.52732667180928,0.0459874154506299,119.31449174880981,13.37271785736084,50.204392433166504,411,114,297,297,0,21,190000.0
190,190999,20.28850548214953,34.461009493111895,0.04630829435393147,119.81786012649536,13.441060066223145,51.436463356018066,411,114,297,297,0,21,191000.0
191,191999,20.254911885799057,34.4248931539342,0.0463916747785077,120.52788925170898,13.50957703590393,51.52041721343994,411,114,297,297,0,21,192000.0
192,192999,20.22204555853494,34.38133099679222,0.04648279158544977,121.2819938659668,13.577869176864624,51.06623935699463,421,115,306,306,0,21,193000.0
193,193999,20.196529816811744,34.34284549237079,0.0465551939368507,122.0960910320282,13.652451753616333,52.14333438873291,421,115,306,306,0,21,194000.0
194,194999,20.171033751637037,34.30299230385546,0.04659259775981339,123.25842261314392,13.724666118621826,49.78750705718994,423,116,307,307,0,21,195000.0
195,195999,20.161523982689694,34.28786502692767,0.04640121963014987,123.72806644439697,13.792689085006714,50.9403772354126,425,117,308,308,0,21,196000.0
196,196999,20.144858902900744,34.258573852087956,0.04635330610111277,124.63237595558167,13.861782789230347,49.99002170562744,425,117,308,308,0,21,197000.0
197,197999,20.13184687508085,34.23665161380668,0.04626967748347688,125.02577614784241,13.933162927627563,51.56864261627197,425,117,308,308,0,21,198000.0
198,198999,20.11013020143202,34.20043907335991,0.04643456273289992,125.82772564888,14.002522468566895,51.28487491607666,426,117,309,309,0,21,199000.0
199,199999,20.101982707759532,34.17478493399185,0.045801445843327016,126.65212512016296,14.070797204971313,51.80477237701416,432,118,314,314,0,21,200000.0
200,200999,20.08816515972473,34.1581622161099,0.04511615778905853,127.15865683555603,14.14104175567627,52.95131015777588,433,118,315,315,0,21,201000.0
201,201999,20.058242179534197,34.1152255320924,0.04502579489459935,127.71990776062012,14.211515426635742,52.89734745025635,439,121,318,318,0,21,202000.0
202,202999,20.03659009590112,34.089806091256165,0.0451596457033937,128.23912572860718,14.280838012695312,53.328843116760254,443,123,320,320,0,21,203000.0
203,203999,20.00481510719742,34.04320835173015,0.04516152448832289,128.7863256931305,14.351447582244873,53.935669898986816,445,124,321,321,0,21,204000.0
204,204999,19.97173090836813,33.99390216744518,0.04592915502868167,129.4380624294281,14.422123193740845,54.02639102935791,448,125,323,323,0,21,205000.0
205,205999,19.9434363643078,33.94920105117984,0.04635525087081305,130.04531025886536,14.806328535079956,54.61689853668213,448,125,323,323,0,21,206000.0
206,206999,19.914787257533618,33.90353723782244,0.047123409160512275,130.56360483169556,14.88231348991394,55.099602699279785,451,127,324,324,0,21,207000.0
207,207999,19.894441425356465,33.882133309676355,0.047912016156196446,131.1976354122162,14.954679727554321,55.1145715713501,455,129,326,326,0,21,208000.0
208,208999,19.867520053027754,33.837338675089626,0.04829534953127412,131.9722180366516,15.026513576507568,54.620911598205566,457,130,327,327,0,21,209000.0
209,209999,19.851610286516884,33.8090039043023,0.04935305341956564,132.5428855419159,15.096177577972412,55.06112766265869,458,131,327,327,0,21,210000.0
210,210999,19.842656142748492,33.83821496023184,0.04884794122471614,133.17308497428894,15.17131233215332,55.16348361968994,471,133,338,338,0,21,211000.0
211,211999,19.82842805497228,33.81045930231458,0.04946605184367703,133.88831496238708,15.240591764450073,55.23817539215088,471,133,338,338,0,21,212000.0
212,212999,19.824004893445643,33.82213627229287,0.0493708360478925,134.62569093704224,15.312578439712524,56.827637672424316,471,133,338,338,0,21,213000.0
213,213999,19.82598770391777,33.83875834742476,0.049316825150607646,135.60118222236633,15.385855913162231,55.256524085998535,472,134,338,338,0,21,214000.0
214,214999,19.84187545943246,33.876804201642386,0.049677531259712526,136.20896673202515,15.459058046340942,55.83198642730713,472,134,338,338,0,21,215000.0
215,215999,19.858583804701993,33.90697881423506,0.049992373745931906,136.93431663513184,15.533496141433716,55.297730445861816,476,136,340,340,0,21,216000.0
216,216999,19.879145563089114,33.94245409500843,0.04996860051820173,137.5091269016266,15.605229377746582,55.71956729888916,477,137,340,340,0,21,217000.0
217,217999,19.899060559313966,33.96395111883813,0.0503301946284731,138.29434847831726,15.681014776229858,55.62683963775635,477,137,340,340,0,21,218000.0
218,218999,19.927831160679336,34.00410076201324,0.050365493197670475,139.0269694328308,15.753645181655884,55.66201877593994,477,137,340,340,0,21,219000.0
219,219999,19.937383030605744,33.991222899061604,0.04983675222441886,139.521963596344,15.82504677772522,56.78475284576416,481,137,344,344,0,21,220000.0
220,220999,19.95490573979699,33.992464965860904,0.04850577101778486,140.34555172920227,15.892613410949707,57.31736087799072,487,139,348,348,0,21,221000.0
221,221999,19.95785424046926,33.97471136909034,0.04764430248170437,140.79854035377502,15.95858383178711,58.260178565979004,489,140,349,349,0,21,222000.0
222,222999,19.950247890259853,33.94425759422151,0.0470132963591986,141.50378251075745,16.024755716323853,57.37013339996338,497,144,353,353,0,21,223000.0
223,223999,19.942566162419144,33.93497907205089,0.04674907203555645,141.8870611190796,16.0933039188385,58.77938938140869,499,145,354,354,0,21,224000.0
224,224999,19.93570674344883,33.91907572705008,0.04629271788606859,142.72296285629272,16.16387701034546,57.42537021636963,505,148,357,357,0,21,225000.0
225,225999,19.931533097221617,33.89798699978816,0.04592030039240669,143.33997774124146,16.231638431549072,57.382309913635254,509,150,359,359,0,21,226000.0
226,226999,19.92950423504901,33.89131741698725,0.04576608716108066,144.06203365325928,16.296642541885376,59.013672828674316,509,150,359,359,0,21,227000.0
227,227999,19.93511418788809,33.89414349059665,0.045212942045510185,144.5721230506897,16.36488437652588,60.1160364151001,509,150,359,359,0,21,228000.0
228,228999,19.94431894299884,33.91541396895368,0.045066890152249406,145.09045791625977,16.431427240371704,60.64022159576416,513,152,361,361,0,21,229000.0
229,229999,19.950520904042488,33.930368988689004,0.04531822234901128,145.64992380142212,16.496628046035767,61.18582248687744,515,153,362,362,0,21,230000.0
230,230999,19.966780533878076,33.96325795633315,0.04592040600523428,146.35356521606445,16.563172817230225,60.710381507873535,519,155,364,364,0,21,231000.0
231,231999,19.979817870998907,33.981022769604806,0.046710639096977924,146.91156482696533,16.628527641296387,60.671814918518066,542,158,384,384,0,21,232000.0
232,232999,20.00139452468249,34.0347650402753,0.04748317789273815,147.57788395881653,16.697232484817505,60.58558750152588,543,159,384,384,0,21,233000.0
233,233999,20.035476830912522,34.115942352669684,0.048335686261228195,148.54630661010742,16.76500415802002,61.12587833404541,543,159,384,384,0,21,234000.0
234,234999,20.07738348655529,34.25018480351819,0.04887871824008372,148.93723797798157,16.83362603187561,62.75772190093994,543,159,384,384,0,21,235000.0
235,235999,20.119045634914887,34.3777696269143,0.050185121912164954,149.69677186012268,16.902794361114502,61.782647132873535,548,162,386,386,0,21,236000.0
236,236999,20.175523923386326,34.53265586011894,0.05142709282328417,150.47187995910645,16.972403287887573,61.22327518463135,550,163,387,387,0,21,237000.0
237,237999,20.213997029813733,34.593915406205255,0.0524653465011099,151.4930760860443,17.043065547943115,59.65597629547119,552,164,388,388,0,21,238000.0
238,238999,20.244724085776298,34.64026261712466,0.05357792680632001,152.00280213356018,17.112138032913208,60.76404666900635,552,164,388,388,0,21,239000.0
239,239999,20.25549987869529,34.65877603281529,0.05392237726832472,152.50395488739014,17.182873487472534,61.91574954986572,557,164,393,393,0,21,240000.0
240,240999,20.244194466717648,34.65128257553684,0.05378640848925875,153.3382682800293,17.248530626296997,63.057915687561035,560,164,396,396,0,21,241000.0
241,241999,20.232385127364886,34.622847270504074,0.053821659055201865,153.8155608177185,17.31815528869629,63.99892520904541,562,165,397,397,0,21,242000.0
242,242999,20.220013364575372,34.61659266640785,0.0536834071674438,154.6107726097107,17.386144638061523,63.618103981018066,562,165,397,397,0,21,243000.0
243,243999,20.208509792630895,34.59605299748401,0.05365825111535549,155.22434854507446,17.455281019210815,64.20327854156494,562,165,397,397,0,21,244000.0
244,244999,20.19596233534627,34.569768900211116,0.053589913787459365,155.88184261322021,17.5240581035614,64.2141580581665,564,166,398,398,0,21,245000.0
245,245999,20.18386825432,34.544897121684436,0.05353331485059876,156.47475504875183,17.59390354156494,64.77141666412354,564,166,398,398,0,21,246000.0
246,246999,20.175931173820906,34.53594521261815,0.0534255696205681,156.93630027770996,17.66562795639038,65.7614221572876,565,167,398,398,0,21,247000.0
247,247999,20.16901058111807,34.51972190610053,0.05329366252139478,157.54889559745789,17.735096216201782,66.33998203277588,565,167,398,398,0,21,248000.0
248,248999,20.164998024406998,34.50790700070995,0.05314968931774677,158.3301854133606,18.178927898406982,65.23202610015869,575,170,405,405,0,21,249000.0
249,249999,20.160673231600434,34.493767680823105,0.05292186803682675,158.9075849056244,18.25174069404602,65.82314395904541,588,171,417,417,0,21,250000.0
250,250999,20.159227852173085,34.48358623147079,0.052812723686197605,159.90808963775635,18.323185920715332,64.46222019195557,590,172,418,418,0,21,251000.0
251,251999,20.15615534328353,34.46962965475222,0.05270952867259904,160.318767786026,18.395795345306396,66.03614139556885,590,172,418,418,0,21,252000.0
252,252999,20.15738812638127,34.457549672812505,0.05262217893905985,160.9860439300537,18.468327283859253,65.95375156402588,591,173,418,418,0,21,253000.0
253,253999,20.153421337265968,34.43892165215183,0.05262473282016589,161.54287695884705,18.54039978981018,66.52616214752197,593,174,419,419,0,21,254000.0
254,254999,20.151943540423456,34.42722869670055,0.0525706012135404,162.10782408714294,18.61243987083435,66.97974491119385,594,175,419,419,0,21,255000.0
255,255999,20.14968312724546,34.41171047242607,0.051868990329843045,162.7063570022583,18.685186624526978,67.69433689117432,600,175,425,425,0,21,256000.0
256,256999,20.156004006187576,34.42257848106799,0.05112667032165574,163.594562292099,18.75577712059021,68.87587070465088,603,175,428,428,0,21,257000.0
257,257999,20.164173183187163,34.430582258754754,0.05050459400177465,164.11540508270264,18.828805446624756,69.98079013824463,603,175,428,428,0,21,258000.0
258,258999,20.169666234590768,34.42835605374094,0.05008247123787113,164.61796236038208,18.89578366279602,70.47655582427979,607,177,430,430,0,21,259000.0
259,259999,20.17401999624084,34.42238830052753,0.04971557094926171,165.3782570362091,18.966156482696533,69.99808597564697,609,178,431,431,0,21,260000.0
260,260999,20.189296041997018,34.46635453291497,0.04943688972608373,166.13459038734436,19.034175157546997,69.62757968902588,611,179,432,432,0,21,261000.0
261,261999,20.199952709468636,34.491839981798655,0.04917143080028308,166.62987089157104,19.103113174438477,70.71502780914307,611,179,432,432,0,21,262000.0
262,262999,20.212256765929133,34.508842819047175,0.048951627801510966,167.16211795806885,19.1752986907959,71.18052005767822,614,181,433,433,0,21,263000.0
263,263999,20.228846389934734,34.52998870341936,0.0489440549094845,167.6841962337494,19.24797558784485,72.29924869537354,614,181,433,433,0,21,264000.0
264,264999,20.252266966293163,34.55992495304047,0.04916192770705674,168.40881156921387,19.72184467315674,72.59356784820557,614,181,433,433,0,21,265000.0
265,265999,20.277013212388983,34.62754222914298,0.04929872114404832,169.29691433906555,19.790947437286377,71.75418949127197,614,181,433,433,0,21,266000.0
266,266999,20.29877031732535,34.651970635270594,0.049448335017113765,169.965069770813,19.866695165634155,72.11548709869385,616,182,434,434,0,21,267000.0
267,267999,20.319808942451665,34.66776312932429,0.04985618174950934,170.46089029312134,19.938277006149292,73.17700290679932,616,182,434,434,0,21,268000.0
268,268999,20.34270139790419,34.691848015300565,0.05025952585102478,171.12764501571655,20.009034633636475,73.05571842193604,618,183,435,435,0,21,269000.0
269,269999,20.365810177312888,34.714490444354915,0.05058571118154531,171.57888555526733,20.07983136177063,74.15843296051025,619,184,435,435,0,21,270000.0
270,270999,20.406218581815132,34.78985316628346,0.051377653757530894,172.23137187957764,20.15171504020691,74.23228549957275,632,185,447,447,0,21,271000.0
271,271999,20.429166599508626,34.80250489124194,0.051884907611506104,173.15180706977844,20.227560997009277,73.69358158111572,632,185,447,447,0,21,272000.0
272,272999,20.45324354882903,34.81174286360531,0.052190778984694375,173.6828727722168,20.304327726364136,74.75585269927979,632,185,447,447,0,21,273000.0
273,273999,20.4665839310746,34.872225091042544,0.05160727462400261,174.4748694896698,20.373600006103516,76.15687656402588,640,186,454,454,0,21,274000.0
274,274999,20.484105604755573,34.94133315337086,0.05095733766848687,174.9156436920166,20.438236474990845,77.24424076080322,645,187,458,458,0,21,275000.0
275,275999,20.497085961672838,35.02206249052298,0.05043411708410561,175.87887263298035,20.508376598358154,75.62843418121338,650,189,461,461,0,21,276000.0
276,276999,20.51122236819981,35.05184226910631,0.050133222892185136,176.49580574035645,20.573443174362183,75.55840396881104,654,191,463,463,0,21,277000.0
277,277999,20.528917515715204,35.08297706997773,0.049906911962511624,177.1808159351349,20.641350269317627,75.0225076675415,660,194,466,466,0,21,278000.0
278,278999,20.553206542631848,35.13427197616599,0.04983179469885657,177.42727065086365,20.708707094192505,77.16014957427979,662,195,467,467,0,21,279000.0
279,279999,20.573102404538826,35.165445370250445,0.050020708691603244,178.04835200309753,20.77496862411499,77.14542484283447,666,197,469,469,0,21,280000.0
280,280999,20.59747797797689,35.20326758831183,0.050374948800966046,178.7363531589508,20.846317291259766,77.192307472229,668,198,470,470,0,21,281000.0
281,281999,20.6258012772781,35.275123556565184,0.05111595701359206,179.8953959941864,20.91215419769287,77.22935581207275,668,198,470,470,0,21,282000.0
282,282999,20.65911220237645,35.3525063929435,0.05179936970892973,180.4131486415863,20.981704235076904,78.32460880279541,668,198,470,470,0,21,283000.0
283,283999,20.697294037641637,35.42744886979425,0.052841002102908985,181.1283664703369,21.051703691482544,77.80996036529541,672,200,472,472,0,21,284000.0
284,284999,20.735462326870046,35.49934155373753,0.054140888301541845,181.5838634967804,21.1187105178833,78.84746646881104,674,201,473,473,0,21,285000.0
285,285999,20.77147376196974,35.54641420645177,0.05533316925118681,182.3027708530426,21.18709444999695,78.34439945220947,678,203,475,475,0,21,286000.0
286,286999,20.82064787585916,35.642120706252555,0.05677419175077891,182.69805145263672,21.252808809280396,79.96408176422119,678,203,475,475,0,21,287000.0
287,287999,20.859878843171767,35.70113294978586,0.058446282741904776,183.34723329544067,21.31811785697937,79.95723056793213,680,204,476,476,0,21,288000.0
288,288999,20.90628179496511,35.80601413462188,0.0604212144587748,183.91920447349548,21.38797903060913,80.49080753326416,682,205,477,477,0,21,289000.0
289,289999,20.961758909186145,35.90807457979044,0.06284305221412323,184.782071352005,21.45408844947815,79.44337558746338,684,206,478,478,0,21,290000.0
290,290999,21.01448295069731,36.002663227206725,0.06504294862801119,185.76355051994324,21.520440340042114,80.12181949615479,686,207,479,479,0,21,291000.0
291,291999,21.06386133332506,36.080729961371794,0.06699159221854778,186.37331223487854,21.58553671836853,80.04613590240479,690,209,481,481,0,21,292000.0
292,292999,21.092653964093476,36.12566463802293,0.06780170357739412,187.03188395500183,21.652175903320312,80.16403293609619,698,210,488,488,0,21,293000.0
293,293999,21.106296631289233,36.15163911737097,0.06749530688047978,187.66001296043396,21.72317886352539,80.3437967300415,703,211,492,492,0,21,294000.0
294,294999,21.103074755593692,36.15486116560172,0.0671893405485845,188.30981588363647,21.79368305206299,80.47147464752197,718,212,506,506,0,21,295000.0
295,295999,21.10036051427824,36.151600004849996,0.06695469780275032,188.57841444015503,21.864916801452637,82.76830387115479,719,212,507,507,0,21,296000.0
296,296999,21.100201855584697,36.144327040047074,0.0668372856104078,188.98748016357422,21.935094118118286,84.45614719390869,719,212,507,507,0,21,297000.0
297,297999,21.09767289131114,36.129950162461505,0.06692856168436334,189.65139770507812,22.005768060684204,84.56234836578369,722,213,509,509,0,21,298000.0
298,298999,21.097050224025605,36.12231555852906,0.06692397553939067,189.9978048801422,22.545116662979126,86.21801853179932,736,214,522,522,0,21,299000.0
299,299999,21.096070046557067,36.109415244854944,0.06681233075114956,190.84042739868164,22.622034311294556,85.81018161773682,737,214,523,523,0,21,300000.0
300,300999,21.093596229804046,36.090894407263676,0.06665618364727754,191.45609617233276,22.69319486618042,86.40120792388916,737,214,523,523,0,21,301000.0
301,301999,21.09387684682039,36.08077214524706,0.06653661110244513,192.05861687660217,22.76421594619751,86.97345066070557,737,214,523,523,0,21,302000.0
302,302999,21.091923609070776,36.06514111205361,0.06642720491756904,192.7277386188507,22.834346294403076,86.99482822418213,739,215,524,524,0,21,303000.0
303,303999,21.087982260624674,36.046301951219675,0.06635209991922753,193.39435076713562,22.90708327293396,87.05310916900635,746,216,530,530,0,21,304000.0
304,304999,21.08814184424328,36.03747414264133,0.06637899417796955,194.03149795532227,22.977067708969116,87.07564640045166,748,217,531,531,0,21,305000.0
305,305999,21.08805135338648,36.02683598599314,0.06637318008611304,194.53657293319702,23.049017429351807,88.14802646636963,748,217,531,531,0,21,306000.0
306,306999,21.086136181624394,36.01012232786213,0.06659713755558194,195.18449330329895,23.11904525756836,88.18428897857666,762,218,544,544,0,21,307000.0
307,307999,21.089052535098343,36.00457300565788,0.0668137147442679,196.04600620269775,23.188049793243408,87.12994480133057,764,219,545,545,0,21,308000.0
308,308999,21.099635371904693,36.03242586608546,0.06732778382683413,197.16135358810425,23.26020860671997,87.26341342926025,766,220,546,546,0,21,309000.0
309,309999,21.113999740211305,36.0831201363568,0.06783541671722593,197.94878125190735,23.330641269683838,86.8845682144165,766,220,546,546,0,21,310000.0
310,310999,21.117462133925248,36.09648529405792,0.06810703050561173,198.32806277275085,23.40164566040039,88.46372318267822,766,220,546,546,0,21,311000.0
311,311999,21.119386620239272,36.11564609321395,0.06852754106723191,199.37793278694153,23.472450256347656,87.03162479400635,766,220,546,546,0,21,312000.0
312,312999,21.1125520079729,36.15317969503674,0.06831973644400191,199.64774012565613,23.538190603256226,89.42896366119385,784,220,564,564,0,21,313000.0
313,313999,21.103040785477866,36.15864670983587,0.0682061307174322,200.02587151527405,23.603936433792114,91.16928195953369,787,220,567,567,0,21,314000.0
314,314999,21.10941588355122,36.19515072819988,0.06826963958962162,200.4507486820221,23.674664974212646,92.1582727432251,791,222,569,569,0,21,315000.0
315,315999,21.108629487251886,36.217920867454936,0.06840012729188305,200.89179015159607,23.740060091018677,93.30452823638916,793,223,570,570,0,21,316000.0
316,316999,21.1106377856196,36.22817808823846,0.06902145386103731,201.42857885360718,23.81169867515564,93.85547733306885,797,225,572,572,0,21,317000.0
317,317999,21.106444905368924,36.23297795697904,0.06951664505708166,202.42488765716553,23.879644870758057,95.06634616851807,797,225,572,572,0,21,318000.0
318,318999,21.10784447805878,36.24925950703658,0.06985319743042162,203.26950073242188,23.94748020172119,93.69433689117432,803,228,575,575,0,21,319000.0
319,319999,21.108505504747566,36.2546229020817,0.0706084694079403,203.80422163009644,24.016093015670776,94.83420658111572,803,228,575,575,0,21,320000.0
320,320999,21.10863683785963,36.255120219568646,0.07092857231007677,204.62245440483093,24.085949182510376,93.91169834136963,807,230,577,577,0,21,321000.0
321,321999,21.10698197320932,36.24711526250307,0.0708879493127188,205.12916326522827,24.1543550491333,94.47173404693604,811,232,579,579,0,21,322000.0
322,322999,21.11081800880117,36.246746080310764,0.07088859515799051,205.65663862228394,24.224934339523315,95.5999231338501,811,232,579,579,0,21,323000.0
323,323999,21.115145652159033,36.28506524109557,0.07075772329163676,206.17457509040833,24.29310631752014,96.04721927642822,814,234,580,580,0,21,324000.0
324,324999,21.114083369578758,36.273595955217935,0.07095724587540175,206.7397334575653,24.362748384475708,96.56593418121338,816,235,581,581,0,21,325000.0
325,325999,21.109464610997335,36.257078184772105,0.07122755378598944,207.60446405410767,24.433151483535767,94.77444553375244,834,239,595,595,0,21,326000.0
326,326999,21.114691889073143,36.258633776675275,0.07137084007510264,208.26888394355774,24.50340723991394,94.3274393081665,838,241,597,597,0,21,327000.0
327,327999,21.114520775434986,36.25024540600169,0.07166395828194327,209.34953379631042,24.57300567626953,94.92412662506104,840,242,598,598,0,21,328000.0
328,328999,21.112851294053154,36.23998829406559,0.07191856943981156,210.25652027130127,24.643333911895752,93.38623142242432,845,244,601,601,0,21,329000.0
329,329999,21.102474183365175,36.21494336127313,0.07236742900067161,210.67250680923462,24.721593379974365,95.00784397125244,845,244,601,601,0,21,330000.0
330,330999,21.092353640677217,36.19192565935847,0.07241775720388455,211.2349934577942,24.790074348449707,95.48457431793213,847,245,602,602,0,21,331000.0
331,331999,21.092080254029558,36.20501285210453,0.07204724063182677,211.77974772453308,24.861366510391235,96.554856300354,866,246,620,620,0,21,332000.0
332,332999,21.078610095395003,36.182721825618025,0.0719615454488226,212.1523358821869,24.932013988494873,98.30799961090088,869,246,623,623,0,21,333000.0
333,333999,21.067281412831708,36.16089489490228,0.07204544201863972,212.38901376724243,25.004206895828247,100.63171482086182,885,247,638,638,0,21,334000.0
334,334999,21.05588973302914,36.1484614045925,0.07222908027904751,212.82999563217163,25.076600790023804,101.84292697906494,887,248,639,639,0,21,335000.0
335,335999,21.04503634057222,36.1320528973341,0.07237111323042944,213.35849165916443,25.149206399917603,102.16856479644775,894,251,643,643,0,21,336000.0
336,336999,21.04162113743125,36.137542686309935,0.07241799520964676,214.3566918373108,25.220619201660156,103.328293800354,896,252,644,644,0,21,337000.0
337,337999,21.033585720154367,36.11983987802666,0.07260216168386935,214.6514253616333,25.291056632995605,105.54026889801025,897,252,645,645,0,21,338000.0
338,338999,21.032141014051554,36.11407444992021,0.07271319410096377,215.26560854911804,25.36182427406311,106.15655612945557,897,252,645,645,0,21,339000.0
339,339999,21.02770737628255,36.09974032432744,0.07298901804203306,216.07402276992798,25.43304443359375,105.75166416168213,897,252,645,645,0,21,340000.0
340,340999,21.030039571069338,36.099189350758664,0.07320278465786934,216.8605728149414,25.503795385360718,105.15606021881104,899,253,646,646,0,21,341000.0
341,341999,21.037220516375534,36.10591274604627,0.07345517949333258,217.19779014587402,25.573235273361206,106.96189975738525,901,254,647,647,0,21,342000.0
342,342999,21.059248143943645,36.14482571766029,0.07374449064546484,217.8024983406067,25.643054485321045,107.55574131011963,901,254,647,647,0,21,343000.0
343,343999,21.076717085649676,36.169507399910486,0.07409954589928158,218.12362456321716,25.7175190448761,109.08503818511963,905,256,649,649,0,21,344000.0
344,344999,21.10291185426544,36.20747485235589,0.07476531956667054,219.14157438278198,25.789111852645874,107.09499454498291,909,258,651,651,0,21,345000.0
345,345999,21.127367627766247,36.24537240333172,0.07559325849061105,219.85594248771667,25.86030149459839,106.63363742828369,913,260,653,653,0,21,346000.0
346,346999,21.152936573408372,36.27788068090602,0.07652539685827453,220.3452913761139,25.931127786636353,107.79910373687744,913,260,653,653,0,21,347000.0
347,347999,21.190763094536386,36.34207804473831,0.07795795738957922,221.38979744911194,26.00337052345276,108.87591648101807,915,261,654,654,0,21,348000.0
348,348999,21.21400397414153,36.37162939106342,0.07889790960317267,222.10968041419983,26.081018924713135,109.16269779205322,915,261,654,654,0,21,349000.0
349,349999,21.244433342453487,36.409175409392105,0.0799489769269115,222.55949997901917,26.15019130706787,110.2326135635376,917,262,655,655,0,21,350000.0
350,350999,21.26285666039799,36.43301234506184,0.08046206624392649,223.48702692985535,26.22521686553955,108.72104740142822,921,264,657,657,0,21,351000.0
351,351999,21.26248607739331,36.42732954013484,0.08008488590733276,223.95360374450684,26.298768043518066,109.87349033355713,938,265,673,673,0,21,352000.0
352,352999,21.260058816182326,36.417201196752856,0.07960729792806642,224.44259405136108,26.365131616592407,110.4843225479126,962,267,695,695,0,21,353000.0
353,353999,21.252198001304215,36.399938466443224,0.07934413446922328,224.62383365631104,26.434239149093628,113.29326725006104,964,267,697,697,0,21,354000.0
354,354999,21.242986361831854,36.37739076443129,0.07916309015525824,225.18111753463745,26.502079963684082,113.93728733062744,966,268,698,698,0,21,355000.0
355,355999,21.245666324439796,36.37469026989039,0.07873716943645515,225.54099369049072,26.569509029388428,115.44189548492432,969,269,700,700,0,21,356000.0
356,356999,21.248741270197044,36.368660544854805,0.07854522602904757,226.26057171821594,26.637519121170044,115.01988315582275,973,271,702,702,0,21,357000.0
357,357999,21.250240746741355,36.35817300011676,0.07840327767912736,226.85985112190247,26.705440759658813,115.22097110748291,977,273,704,704,0,21,358000.0
358,358999,21.25159203059436,36.347532569881636,0.07813961083019039,227.4056749343872,27.398319482803345,116.27654361724854,977,273,704,704,0,21,359000.0
359,359999,21.25284641815489,36.337350694836786,0.07802269354797087,228.13075304031372,27.465909481048584,115.6393518447876,982,275,707,707,0,21,360000.0
360,360999,21.254785566829423,36.33127295206045,0.07800048068173315,228.60080695152283,27.533299922943115,116.67547702789307,984,276,708,708,0,21,361000.0
361,361999,21.256866341142214,36.32466802124654,0.07807426813091345,229.46828603744507,27.601505041122437,115.75705051422119,986,277,709,709,0,21,362000.0
362,362999,21.25486398066808,36.31221843104142,0.07816951524958415,229.90331411361694,27.674002647399902,117.41007328033447,986,277,709,709,0,21,363000.0
363,363999,21.2556688544965,36.30250196529498,0.07822037976720198,230.55910730361938,27.746338844299316,117.25379276275635,997,280,717,717,0,21,364000.0
364,364999,21.255925315151845,36.29322726101659,0.07812999262555531,231.16923475265503,27.816516637802124,117.83960819244385,997,280,717,717,0,21,365000.0
365,365999,21.25866179093246,36.285724791149825,0.07813089026217512,232.14263796806335,27.887629508972168,116.35635471343994,1000,281,719,719,0,21,366000.0
366,366999,21.265040310312497,36.283405290361486,0.07817717952390957,232.82027077674866,27.9571316242218,116.30882358551025,1003,282,721,721,0,21,367000.0
367,367999,21.271153065741753,36.28248290183044,0.07811359972767451,233.52987408638,28.02647829055786,115.88219547271729,1008,284,724,724,0,21,368000.0
368,368999,21.275463436675434,36.27759451481039,0.07802716590278314,233.98531770706177,28.094133615493774,116.947190284729,1010,285,725,725,0,21,369000.0
369,369999,21.277060877058435,36.26837120736187,0.07799381135922556,234.59905123710632,28.162681341171265,117.60524082183838,1010,285,725,725,0,21,370000.0
370,370999,21.28253358654233,36.26138253579404,0.0779437601275309,236.10365319252014,28.23094892501831,116.60785007476807,1013,286,727,727,0,21,371000.0
371,371999,21.27802316256814,36.24960977506036,0.07782901071425463,236.68475890159607,28.299800157546997,116.87493228912354,1027,288,739,739,0,21,372000.0
372,372999,21.267290006664393,36.25109851207223,0.07772388538305064,237.07228446006775,28.37475299835205,118.672776222229,1030,288,742,742,0,21,373000.0
373,373999,21.250407126009275,36.225137409497655,0.07785042135092535,237.64945936203003,28.442253351211548,119.3086404800415,1033,288,745,745,0,21,374000.0
374,374999,21.232029237421994,36.193424623235586,0.07794201941659495,238.25847864151,28.510207414627075,119.89733219146729,1033,288,745,745,0,21,375000.0
375,375999,21.215356185045213,36.167641279977836,0.07797603217381832,238.77492928504944,28.579575538635254,120.50159549713135,1050,290,760,760,0,21,376000.0
376,376999,21.199034651497385,36.15381807976224,0.07795317982420313,239.4984519481659,28.651221990585327,120.65901279449463,1050,290,760,760,0,21,377000.0
377,377999,21.182917566890684,36.13771720588026,0.0779802823098632,239.88392734527588,28.72047734260559,122.42967319488525,1051,290,761,761,0,21,378000.0
378,378999,21.16376583794538,36.106019373682976,0.07808931894081694,240.39166378974915,28.787776947021484,123.49629306793213,1051,290,761,761,0,21,379000.0
379,379999,21.14732488842987,36.07913876771062,0.07814739757613876,240.82615756988525,28.862146139144897,124.41126346588135,1056,292,764,764,0,21,380000.0
380,380999,21.13640216876738,36.067672110657114,0.07817491676240662,241.57073760032654,28.934791803359985,124.61213779449463,1056,292,764,764,0,21,381000.0
381,381999,21.120972522755707,36.04287397658184,0.07829320547878449,242.2707269191742,29.009024381637573,124.68721103668213,1058,293,765,765,0,21,382000.0
382,382999,21.111843795523008,36.047718364023176,0.07818033205547492,242.9738368988037,29.761678218841553,124.11755466461182,1064,296,768,768,0,21,383000.0
383,383999,21.100405179480035,36.02542519919281,0.07825025037312994,243.38980889320374,29.83518624305725,125.7757043838501,1064,296,768,768,0,21,384000.0
384,384999,21.088292318662237,36.00127662918692,0.07835104437341367,244.10309505462646,29.908875942230225,125.68908786773682,1067,297,770,770,0,21,385000.0
385,385999,21.074687201620243,35.97409496667475,0.07845611711618239,244.8520369529724,29.983290195465088,125.73472690582275,1067,297,770,770,0,21,386000.0
386,386999,21.060117878062506,35.94971235257121,0.07855310717673913,245.50116610527039,30.05773949623108,126.29056644439697,1067,297,770,770,0,21,387000.0
387,387999,21.04333633547585,35.922231846157594,0.07866492810604264,245.95941734313965,30.129767417907715,127.01822757720947,1072,299,773,773,0,21,388000.0
388,388999,21.048073310444426,35.958265958691314,0.0783965653184604,246.58490681648254,30.204158544540405,127.76289463043213,1085,299,786,786,0,21,389000.0
389,389999,21.053829973487304,35.961441726417604,0.07849391357579971,247.12243628501892,30.280175924301147,128.13521671295166,1093,301,792,792,0,21,390000.0
390,390999,21.05779316005305,35.95406926381178,0.07852137985650942,247.7498836517334,30.35704517364502,128.77851963043213,1094,301,793,793,0,21,391000.0
391,391999,21.06661076595545,35.96462869314218,0.07870413105470564,248.1815083026886,30.437622785568237,129.7807321548462,1097,303,794,794,0,22,392000.0
392,392999,21.081950602896587,35.99878634838319,0.07875578837739738,248.76701831817627,30.513848543167114,129.7949686050415,1103,306,797,797,0,22,393000.0
393,393999,21.102009856017204,36.046069203622785,0.0794591652891552,249.29303073883057,30.591747760772705,130.9459466934204,1103,306,797,797,0,22,394000.0
394,394999,21.128926259527148,36.103859143723845,0.0800855543248008,249.98866605758667,30.669015645980835,131.055344581604,1105,307,798,798,0,22,395000.0
395,395999,21.15383317635109,36.15833379181753,0.08060531120447267,250.64689302444458,31.444480419158936,131.6730432510376,1105,307,798,798,0,22,396000.0
396,396999,21.18260116663848,36.21777107101164,0.08131787955106873,251.12088918685913,31.52006959915161,132.5877389907837,1107,308,799,799,0,23,397000.0
397,397999,21.21554971250029,36.282330339936266,0.08339659252946086,251.90102910995483,31.595558881759644,131.54998111724854,1112,311,801,801,0,24,398000.0
398,398999,21.245161127905362,36.33104879825245,0.08489228140645644,252.56723594665527,31.670600414276123,131.59878635406494,1115,312,803,803,0,24,399000.0
399,399999,21.279813391358687,36.418076094484654,0.08611950325287032,253.13480520248413,31.748760223388672,132.26222324371338,1118,313,805,805,0,24,400000.0
400,400999,21.314199254782093,36.47746496650608,0.08730097503471113,253.99129843711853,31.82334566116333,130.8263635635376,1126,316,810,810,0,24,401000.0
401,401999,21.34949614796416,36.53325831054302,0.0889150874863357,254.46958422660828,31.89912748336792,131.9023675918579,1128,317,811,811,0,24,402000.0
402,402999,21.39123785977786,36.62171561378694,0.08993668869926652,255.0061638355255,31.973284006118774,132.31603336334229,1132,319,813,813,0,25,403000.0
403,403999,21.428424522586084,36.673156791587616,0.09208698481864097,255.69059205055237,32.051480770111084,132.44005680084229,1139,320,819,819,0,25,404000.0
404,404999,21.468117905454122,36.74193849602782,0.09371656892307423,256.1661367416382,32.134432315826416,133.61160373687744,1140,321,819,819,0,26,405000.0
405,405999,21.49985556464726,36.77547270825639,0.09490681953415625,256.69784927368164,32.21615386009216,134.716233253479,1140,321,819,819,0,26,406000.0
406,406999,21.520872298073044,36.79588973913247,0.09507787001128343,257.44703578948975,32.28959536552429,134.58703708648682,1161,322,839,839,0,26,407000.0
407,407999,21.52471005690786,36.813618149554934,0.0945539857294504,257.60425329208374,32.35689830780029,137.48056888580322,1165,322,843,843,0,26,408000.0
408,408999,21.52805147888583,36.843779435006496,0.09425560365055263,257.7793686389923,32.423330307006836,140.27442264556885,1168,322,846,846,0,26,409000.0
409,409999,21.530229365756817,36.85361418894112,0.0939250876677179,258.30327105522156,33.22917699813843,140.26966190338135,1177,326,851,851,0,26,410000.0
410,410999,21.53144554850181,36.85479889427743,0.09399152896579621,258.75623989105225,33.296969413757324,140.86686038970947,1183,329,854,854,0,26,411000.0
411,411999,21.531062451080025,36.854298844748385,0.09378563258284034,259.38352251052856,33.367037296295166,141.10350894927979,1187,331,856,856,0,26,412000.0
412,412999,21.52858512264493,36.84607152775139,0.09377898617530633,259.9954056739807,33.43608784675598,141.19031620025635,1191,333,858,858,0,26,413000.0
413,413999,21.52559251105243,36.83456077059046,0.09371655047510119,260.59446692466736,33.50447058677673,141.3492136001587,1195,335,860,860,0,26,414000.0
414,414999,21.526092313612263,36.82524690116118,0.09351657977761196,261.23109340667725,33.57170510292053,141.52237796783447,1198,336,862,862,0,26,415000.0
415,415999,21.525003828079896,36.81579862541594,0.09353007258705293,261.7494125366211,33.64309120178223,142.66719913482666,1198,336,862,862,0,26,416000.0
416,416999,21.52398567539717,36.81012904722971,0.09342666929985766,262.3644154071808,33.71161866188049,143.2649393081665,1198,336,862,862,0,26,417000.0
417,417999,21.522153373300544,36.79703624486277,0.09339058413913259,263.5158324241638,33.7821159362793,140.7812967300415,1205,338,867,867,0,26,418000.0
418,418999,21.521370729404698,36.78450376574628,0.0931909297253275,263.7075524330139,33.84888935089111,143.42661380767822,1205,338,867,867,0,26,419000.0
419,419999,21.52182321855345,36.77518774049018,0.09320471663278018,264.3755192756653,33.916043758392334,142.7753381729126,1211,341,870,870,0,26,420000.0
420,420999,21.522135875340062,36.80613747459533,0.09293493583618473,265.116250038147,33.9821617603302,142.29443454742432,1213,342,871,871,0,26,421000.0
421,421999,21.525979568256812,36.8252580443417,0.09269285128296867,265.611421585083,34.051777601242065,143.62574100494385,1213,342,871,871,0,26,422000.0
422,422999,21.52871658121644,36.82020669120608,0.09252393486611898,266.25638484954834,34.123249769210815,143.58361911773682,1217,344,873,873,0,26,423000.0
423,423999,21.525353903344197,36.80294963835172,0.09248066255526377,267.43186378479004,34.19317102432251,144.59826755523682,1221,346,875,875,0,26,424000.0
424,424999,21.52408896417193,36.78951390563241,0.09244324704314244,268.1923122406006,34.26088786125183,144.21788120269775,1223,347,876,876,0,26,425000.0
425,425999,21.521533713538574,36.77512566674764,0.09240994491505206,269.10825514793396,34.32977890968323,143.25212955474854,1223,347,876,876,0,26,426000.0
426,426999,21.513980701749265,36.75151325084917,0.09232741987043969,269.6695168018341,34.396188259124756,143.82457065582275,1225,348,877,877,0,26,427000.0
427,427999,21.497317542917838,36.72831367654756,0.09233872160998946,270.2003810405731,34.467692613601685,144.64206790924072,1238,349,889,889,0,26,428000.0
428,428999,21.477700441126785,36.69988849783678,0.09244206133046018,270.5278263092041,34.53437948226929,146.45022678375244,1256,350,906,906,0,26,429000.0
429,429999,21.46063083531878,36.67740944297009,0.09251503017701279,270.86116099357605,34.603864669799805,148.14501285552979,1258,351,907,907,0,26,430000.0
430,430999,21.440924478864225,36.6493675558048,0.09260341377127479,271.4066894054413,34.67191433906555,148.7932825088501,1260,352,908,908,0,26,431000.0
431,431999,21.423756473590807,36.621217628037336,0.0926638816472507,271.9981937408447,34.74018573760986,149.44300174713135,1260,352,908,908,0,26,432000.0
432,432999,21.4074071393379,36.60234008932724,0.09268197822492263,272.377729177475,34.81123471260071,151.3133020401001,1260,352,908,908,0,26,433000.0
433,433999,21.38718329383496,36.5723369799605,0.0927914267404617,272.771452665329,34.88194155693054,153.14065647125244,1261,352,909,909,0,26,434000.0
434,434999,21.369133170814806,36.544420033309365,0.09289373562160064,273.5886583328247,34.952149391174316,152.77472019195557,1261,352,909,909,0,26,435000.0
435,435999,21.350787004235958,36.51578813868619,0.0930151023535728,274.19126439094543,35.020291805267334,153.33442783355713,1261,352,909,909,0,26,436000.0
436,436999,21.333127695384555,36.48822462019415,0.09314384146970134,274.61258029937744,35.092506885528564,154.92976474761963,1261,352,909,909,0,26,437000.0
437,437999,21.31500900505422,36.462119650198964,0.0932507398797715,276.17642164230347,35.161823987960815,154.17388248443604,1265,354,911,911,0,26,438000.0
438,438999,21.29850271469527,36.4387536235263,0.09333725285851635,276.6729142665863,35.230262756347656,155.26194858551025,1265,354,911,911,0,26,439000.0
439,439999,21.28091778589967,36.41089390009853,0.0934880991583179,277.67367577552795,35.30130696296692,153.3108377456665,1269,356,913,913,0,26,440000.0
440,440999,21.26326337888856,36.38192508774889,0.09363216697769128,278.3452641963959,35.37672686576843,151.89114475250244,1281,362,919,919,0,26,441000.0
441,441999,21.244673661070365,36.35129898563723,0.09377680894467055,278.7216455936432,35.44843101501465,153.80167484283447,1281,362,919,919,0,26,442000.0
442,442999,21.229049951908227,36.326561343183215,0.09388380332456747,279.3269250392914,35.5191764831543,154.47295475006104,1281,362,919,919,0,26,443000.0
443,443999,21.210891635861472,36.29751322890044,0.09402297793063352,279.92460012435913,35.59090614318848,155.34668827056885,1281,362,919,919,0,26,444000.0
444,444999,21.192743232256735,36.269009369858814,0.09416727925022805,280.74337363243103,35.664122104644775,154.3016061782837,1285,364,921,921,0,26,445000.0
445,445999,21.176774175341905,36.24417774929224,0.09429852457053078,281.2245993614197,35.73626184463501,155.41660404205322,1288,365,923,923,0,26,446000.0
446,446999,21.1588284379394,36.215655356029984,0.09446701657781065,282.00166487693787,35.80777549743652,155.50054264068604,1301,365,936,936,0,26,447000.0
447,447999,21.145183054942684,36.20318680814113,0.09441691231109117,282.26363921165466,35.8769166469574,157.93444919586182,1310,365,945,945,0,26,448000.0
448,448999,21.12547266690622,36.173117178734344,0.09456701450095406,282.4300000667572,35.94461393356323,160.73547458648682,1314,365,949,949,0,26,449000.0
449,449999,21.1075344246376,36.15397317622471,0.09464189802727152,282.78145122528076,36.01386308670044,162.40240573883057,1317,366,951,951,0,26,450000.0
450,450999,21.088991438110366,36.12891927375221,0.0947959587751308,283.38492798805237,36.083139419555664,162.57749271392822,1321,368,953,953,0,26,451000.0
451,451999,21.071836939137583,36.10099393032458,0.09496063975279945,284.0242154598236,36.15890717506409,163.0414514541626,1323,369,954,954,0,26,452000.0
452,452999,21.053761919034887,36.07813182549535,0.09505012634846977,284.46277141571045,36.22953486442566,164.27854251861572,1325,370,955,955,0,26,453000.0
453,453999,21.03428142847564,36.05119296506814,0.09519640682170849,284.86973881721497,37.15727996826172,165.32510471343994,1329,372,957,957,0,26,454000.0
454,454999,21.017130986139133,36.02597558828554,0.09531963157212575,285.2456912994385,37.22970104217529,166.93301486968994,1331,373,958,958,0,26,455000.0
455,455999,20.997969138838286,36.00060088520659,0.09546220992289056,286.27729058265686,37.30070495605469,164.60655307769775,1337,376,961,961,0,26,456000.0
456,456999,20.978510456673117,35.974190786814205,0.09558935651711997,286.7729694843292,37.37096309661865,165.82440280914307,1337,376,961,961,0,26,457000.0
